datetime;city;state;country;shape;duration (seconds);duration (hours/min);comments;date posted;latitude;longitude
10/10/1956 21:00;edna;tx;us;circle;20;1/2 hour;My older brother and twin sister were leaving the only Edna theater at about 9 PM&#44...we had our bikes and I took a different route home;1/17/2004;28,9783333;-96,6458333
10/10/1960 20:00;kaneohe;hi;us;light;900;15 minutes;"AS a Marine 1st Lt. flying an FJ4B fighter/attack aircraft on a solo night exercise&#44 I was at 50&#44000&#39 in a &quot;clean&quot; aircraft (no ordinan";1/22/2004;21,4180556;-157,8036111
10/10/1968 13:00;hawthorne;ca;us;circle;300;5 min.;ROUND &#44 ORANGE &#44 WITH WHAT I WOULD SAY WAS POLISHED METAL OF SOME KIND AROUND THE EDGES .;10/31/2003;33,9163889;-118,3516667
10/10/1968 19:00;brevard;nc;us;fireball;180;3 minutes;silent red /orange mass of energy floated by three of us in western North Carolina in the 60s;6/12/2008;35,2333333;-82,7344444
10/10/1970 19:00;manchester;ky;us;unknown;180;3 minutes;Slow moving&#44 silent craft accelerated at an unbelievable angle and speed.;2/14/2008;37,1536111;-83,7619444
10/10/1972 19:00;harlan county;ky;us;circle;1200;20minutes;On october 10&#44 1972 myself&#44my 5yrs.daughter&#442 neices and 2 nephews were playing tag in the back yard .When we looked over on the ridge;9/15/2005;36,8430556;-83,3219444
10/10/1974 23:00;hudson;ks;us;light;1200;one hour?;The light chased us.;7/25/2004;38,1055556;-98,6597222
10/10/1975 17:00;north charleston;sc;us;light;360;5-6 minutes;Several Flashing UFO lights over Charleston Naval Base in S.C.;2/14/2008;32,8544444;-79,975
10/10/1977 22:00;louisville;ky;us;light;30;approx: 30 seconds;HBCCUFO CANADIAN REPORT:  Pilot Sighting Of Unusual Light.;3/17/2004;38,2541667;-85,7594444
10/10/1979 22:00;security;co;us;unknown;1800;30mins.;very low clouds all different colors&#44search lights were seen shining down out of the clouds on the houses and streets. this event was s;1/28/1999;38,7583333;-104,7425
10/10/1980 22:00;dallas;tx;us;unknown;300;5 minutes;Strange shape shifting craft of pure light energy.;10/28/2002;32,7833333;-96,8
10/10/1980 23:30;manchester;nh;us;light;300;3 to 5 min;A red glowing sphere stopped and watched me.;11/21/2010;42,9955556;-71,4552778
10/10/1984 05:00;houston;tx;us;circle;60;1 minute;2 experience with unkown;4/18/2012;29,7630556;-95,3630556
10/10/1988 18:00;milwaukee;wi;us;triangle;600;10 minutes;A silent black triangular object with no lights moved over us as we walked our dog across a school playground.;8/7/2007;43,0388889;-87,9063889
10/10/1988 21:00;new gloucester;me;us;unknown;120;few minutes;I&#39m still afraid to look at the sky at night.;1/10/2009;43,9627778;-70,2830556
10/10/1988 22:00;boulder;co;us;light;60;1 minute;Three Stars Begin to Move Randomly&#44 Stop&#44 Change Direction&#44 Move Again&#44 And Then Vanish;7/16/2006;40,015;-105,27
10/10/1988 22:45;seattle (ballard area);wa;us;unknown;2;2 sec.;Two adult witnesses are stunned by the sound of an object that streaks above the home they are in.;4/27/2004;47,6063889;-122,3308333
10/10/1989 21:00;centralia;wa;us;triangle;60;1 minute;A huge triangularly shaped silent object that blotted out 25 degrees of the sky&#44 lighted by four glowing points.;4/27/2004;46,7163889;-122,9530556
10/10/1990 21:00;ashburn;ga;us;triangle;120;2 minutes;Translucent Craft that makes No Sound While Moving;10/8/2007;31,7058333;-83,6533333
10/10/1991 22:00;frisco;nc;us;unknown;1800;30 minutes;A friend and myself were standing on the shore of the Pamlico sound as we observed 4 objects moving in up and down motions for about 30;1/28/1999;35,235;-75,6288889
10/10/1991 22:00;harrisburg;pa;us;triangle;600;10 minutes;We observed 3 triangular shaped high speed objects&#33;5/9/2003;40,2736111;-76,8847222
10/10/1992 18:00;stafford;tx;us;unknown;10;10 seconds;A man emerges from a beam of light that shines on a grassy field at night and he runs towards the Texas Instruments parking lot.;4/18/2012;29,6158333;-95,5575
10/10/1992 22:00;weatherford;tx;us;unknown;30;30 seconds;Black or dark grey.  Too big&#44 too low&#44 too slow&#44 too quiet&#44 for a normal aircraft.;9/2/2005;32,7591667;-97,7969444
10/10/1993 22:00;peoria;il;us;light;8;8 seconds;Light over Peoria&#44 IL that moves slowly&#44 stops in mid-air&#44 hovers&#44 changes colors&#44 shoots in opposite direction and disappears.;10/11/2005;40,6936111;-89,5888889
10/10/1994 22:00;pinebergen;ar;us;light;5;5 seconds;Round&#44 bright&#44 low flying object silently speeds West of Arkansas town at 11:30pm&#44 10/10/94.;2/18/2001;34,1027778;-91,9922222
10/10/1996 03:20;higginsville;mo;us;triangle;3;3sec;illuminated triangular craft&#44 flying at high speed from South to North;2/16/2000;39,0725;-93,7169444
10/10/1996 22:00;charleston;sc;us;light;300;5 min;Flashing object above Charleston&#44 SC;11/26/2003;32,7763889;-79,9311111
10/10/1997 20:00;bonaire;ga;us;triangle;300;<5 minutes;Triangular Object Sighted at Very Close Range;2/1/2007;32,5436111;-83,5961111
10/10/1998 03:30;phoenix (north part);az;us;fireball;15;10 to 15 sec;bright green moving north to north east. it was bright green and kinda clear. quite fast too.;2/16/1999;33,4483333;-112,0733333
10/10/1998 17:30;las vegas;nv;us;circle;2700;45min.;Ufo sighting in las vegas near Area51;8/30/1999;36,175;-115,1363889
10/10/1998 20:30;spokane (about 30 miles sw of&#44i-90&#44 maybe mm 254);wa;us;triangle;600;10 minutes;Dark boomerange object seen for ten minutes hovering over the freeway with a bright light out the front that lit up the fields. No jet;8/5/2001;47,6588889;-117,425
10/10/1998 20:50;mooresville;nc;us;light;2;2 seconds;Star gazing in back yard with telescope and binos. Saw shooting star and an oblong shape of light.;11/1/1998;35,5847222;-80,8102778
10/10/1998 23:50;delano;tn;us;fireball;15;15 seconds;I came home from work one night and I seen a bright fire like ball go across the top ofthe mountain and it was going fast then it stopp;3/21/2003;35,265;-84,5533333
10/10/1999 04:00;kansas city;ks;us;unknown;600;5-10 min.;Orange object over city.;10/19/1999;39,1141667;-94,6272222
10/10/1999 11:00;san diego;ca;us;fireball;3600;1 hour;At 10:45 in the morning&#44 my father and I noticed a small stationary object in the sky.;10/19/1999;32,7152778;-117,1563889
10/10/1999 20:35;hayward;ca;us;circle;90;60-90 sec;Many different colored glowing  objects;11/20/2001;37,6688889;-122,0797222
10/10/1999 21:00;ashland (at our home);mo;us;light;0;two seperate times&#44 10 se;We saw on our local news that in Jefferson City&#44(20 minutes from our home)&#44 a craft was spotted reciently. We have not actually observe;12/16/1999;38,7744444;-92,2569444
10/10/1999 21:00;rachel;nv;us;light;10800;3 hours;Bright lights with incredible agility seen from mailbox at Area 51 on UFO highway in Nevada for several hourse.;5/24/2005;37,6447222;-115,7427778
10/10/2000 20:30;brinktown;mo;us;light;1800;30 min.;3 bright golden lights moving independently above the tree line flaring and fading intermittently for approx. 15 min.;12/2/2000;38,1266667;-92,0844444
10/10/2000 21:30;florence;ky;us;light;5;4-5 seconds;Two objects traveling side by side pass over&#44 as one begins to zig&#44 zag it&#39s path.;12/2/2000;38,9988889;-84,6266667
10/10/2000 21:30;seattle (west);wa;us;unknown;10;10 sec;Dark object in the shape of a (4) after dusk in West Seattle;2/11/2003;47,6063889;-122,3308333
10/10/2001 03:00;rockwell city;ia;us;triangle;240;4 min.s;Large&#44silent&#44slow&#44low to the ground dull-black Triangle UFO with round red lights at it&#39s corners that were off .I drew it.;7/1/2002;42,3952778;-94,6336111
10/10/2001 20:35;hayward;ca;us;circle;120;2/min.;FALLING STAR  STOPS  &#39SHOTS OUT  DOZENS OF RED POINTS OF LIGHT;11/20/2001;37,6688889;-122,0797222
10/10/2001 22:00;phoenix;az;us;triangle;60;less then a minute;Triangle shaped craft spotted flying west to east over mid town Phoenix on 10/10/01 at 22:00 hours 4 light dim making no sounellow;11/20/2001;33,4483333;-112,0733333
10/10/2001 23:00;virginia beach;va;us;triangle;30;30 seconds;shaped like a stealth bomber (boomerang like&#44 but more triangluar) flat-black in color&#44 made a deep humming sound either really low to;7/26/2002;36,8527778;-75,9783333
10/10/2002 02:00;philomath;or;us;unknown;5;about5seconds;i watched on the portland news that the space shuttle would be visiable and went to philomath oregon to what was known to be the apple;10/15/2002;44,5402778;-123,3663889
10/10/2002 21:00;portland;or;us;circle;120;2min;The LIGHT is the TRUTH&#33;12/16/2005;45,5236111;-122,675
10/10/2003 20:05;grand view;id;us;light;15;12-15 seconds;Bright light above Mt. Home AFB;10/15/2003;42,9897222;-116,0925
10/10/2003 22:00;albuquerque;nm;us;light;180;3 minutes;Three bright lights that were huddled together than began to seperate and disappeared.;2/1/2007;35,0844444;-106,6505556
10/10/2004 02:50;mahwah;nj;us;triangle;180;2 - 3 minutes;Triangle shaped flying&#44 hovering U.F.O. witnessed over Sheraton Hotel in Mahwah&#44 NJ. on 10/10/04.;12/12/2011;41,0886111;-74,1441667
10/10/2004 14:00;morgantown;wv;us;circle;10;10 sec;Solid round silver ball passing over at about 3000MSL.;5/24/2005;39,6294444;-79,9561111
10/10/2004 15:00;berkeley;ca;us;unknown;180;3 minutes;While driving my car in the mid afternoon of a day in the fall of 2004 on HYW 580 East-bound I had just crossed the San Rafael / Richmo;5/24/2005;37,8716667;-122,2716667
10/10/2004 19:00;ripley;ny;us;circle;900;15 min;7 red/orange stationary objects appeared over Lake Erie on 10/10/04 for 15 minutes and then all disappeared at once.;10/27/2004;42,2669444;-79,7108333
10/10/2004 21:00;mansfield;oh;us;light;7200;a few hours;Several UFO&#39s&#44 one bigger one flew right over the car.;10/27/2004;40,7583333;-82,5155556
10/10/2004 22:00;columbia;mo;us;light;60;1 min;A light moved across the sky in a zig zag way then straightened out and went straight out into space in a matter of seconds.;11/28/2007;38,9516667;-92,3338889
10/10/2005 20:00;loretto;pa;us;triangle;300;5 minutes;Dull red flash&#44 Triangular ship&#44 Vocal Noises;10/30/2006;40,5030556;-78,6305556
10/10/2005 21:00;lewisburg;tn;us;unknown;240;4 minutes;Like a grouping of balloons with a slight glow to them;12/7/2006;35,4491667;-86,7888889
10/10/2005 22:08;east wenatchee;wa;us;light;1200;20 min;Strange light over East Wenatchee Washington;10/20/2005;47,4158333;-120,2919444
10/10/2005 23:00;hendersonville;nc;us;light;600;10 minutes;Last night&#44 October 10&#44 at about 11:00PM for about ten minutes I observed a peculiar point source light in the Eastern sky. It was at a;10/11/2005;35,3186111;-82,4611111
10/10/2006 05:00;san francisco;ca;us;triangle;600;10 minutes;black triangles were seen flying across the surface of the full moon;10/30/2006;37,775;-122,4183333
10/10/2006 12:37;blairsville;ga;us;unknown;10;<10 sec.;Intermittant streak by moon&#44 not seen on photo taken 10 seconds earlier.;10/30/2006;34,8761111;-83,9583333
10/10/2006 16:00;savannah;tn;us;light;600;10 minutes;weird light that moved in the sky;10/30/2006;35,2247222;-88,2491667
10/10/2006 16:00;waynesboro;va;us;triangle;600;8-10 minutes;Large...beautiful...and brighter than anything I&#39ve ever seen....How small I have felt since....;10/30/2006;38,0683333;-78,8897222
10/10/2006 22:40;waycross;ga;us;light;120;2 minutes;Redish orange light viewed from Waycross &#44Ga. Moving Northwest and suddenly just goes out.;10/30/2006;31,2133333;-82,3541667
10/10/2006 23:00;lyndhurst;oh;us;unknown;300;5 minutes;This is a follow up to my Feb. 16th&#44 1995 report.  This past Tuesday&#44 my wife and I AGAIN heard the same loud&#44 rumbling roar that we he;10/30/2006;41,52;-81,4888889
10/10/2006 23:55;knik;ak;us;triangle;0;5;Slow moving&#44 no sound&#44  illuminated (craft) triangle over Point McKenzie&#44 Alaska.;10/30/2006;61,4577778;-149,7288889
10/10/2007 01:00;lebanon;or;us;light;14400;4 hours;"Small Orange-White &quot;star&quot; that moves around in circles&#44 up&#44 down&#44 and sideways fast in the night sky";11/28/2007;44,5366667;-122,9058333
10/10/2007 05:00;bakersfield;ca;us;circle;0;had a call of a reporting;UFO sighting in Bakersfield;11/28/2007;35,3733333;-119,0177778
10/10/2007 13:00;owego;ny;us;triangle;10800;3 hours;triangle with 3 llights blinking. 500 Lights On Object0: Yes;11/28/2007;42,1033333;-76,2625
10/10/2007 18:33;downingtown;pa;us;circle;120;1 to 1 1/2 minutes;Star-like (but MUCH BRIGHTER AND LARGER) light west of D-town&#44 PA.  Seen against sunset.  ((NUFORC Note:  Contrail??  PD));11/28/2007;40,0063889;-75,7036111
10/10/2007 20:30;conyers;ga;us;unknown;3600;1 hour;Craft seen falling and dissapears into thin air.  ((NUFORC Note:  Missile launch??  We have no explanation for the aircraft.  PD));11/28/2007;33,6675;-84,0177778
10/10/2007 20:55;vero beach;fl;us;unknown;30;30 seconds;Shooting star without red globe burn-out or descent maintains steady Southerly trajectory.  ((NUFORC Note:  Missile launch??  PD));11/28/2007;27,6383333;-80,3975
10/10/2007 22:00;duluth;mn;us;light;600;10 minutes;Bright pulsating light over lake superior.;1/21/2008;46,7833333;-92,1063889
10/10/2007 22:00;fleming;co;us;circle;600;10 minutes;UFO SPOTTED&#44 FLEMING COLORADO;11/28/2007;40,68;-102,8388889
10/10/2007 22:00;grove city;pa;us;unknown;3600;1:00:00;Light pattern moving silently through rapid maneuvers over Grove City;1/21/2008;41,1577778;-80,0888889
10/10/2007 23:05;northglenn;co;us;triangle;15;15 seconds;Hovering triangular shape seen with flashing lights seen in Colorado;11/28/2007;39,8855556;-104,9866667
10/10/2008 02:00;north branch;mn;us;light;300;5 min;Lights at night&#44 shining into car and garage and around blinds;10/31/2008;45,5113889;-92,98
10/10/2008 02:00;slingerlands;ny;us;circle;240;4 min;Huge&#44 moon size&#44 orange&#44 bright&#44 almost complete circle;10/31/2008;42,6291667;-73,865
10/10/2008 10:22;fremont;ca;us;triangle;60;1 minute;I saw a brightly lightes v shaped ufo while driving through fremont&#44ca.;10/31/2008;37,5483333;-121,9875
10/10/2008 18:00;yuma;az;us;triangle;900;15 minutes;Carousel in the sky on fire / pixalated triangle over Yuma&#44 AZ;10/10/2011;32,7252778;-114,6236111
10/10/2008 19:00;south bend;in;us;light;600;10 minutes;Glowing succession of flying objects on the horizon.;10/31/2008;41,6833333;-86,25
10/10/2008 20:00;seattle;wa;us;light;180;3 minutes;Around 8:00 pm? I Went out side and looked up at the stars and I saw a light which I thought was a small faded star  until it started t;10/31/2008;47,6063889;-122,3308333
10/10/2008 20:40;pueblo;co;us;light;300;5 minutes;In the northwest sky&#44 there were about seven lights moving slowly and flashing in and out if an extremely strange fashion.;10/31/2008;38,2544444;-104,6086111
10/10/2008 22:30;madison;wi;us;circle;20;20 secounds;Tanslucent orange/yellow UFO in Madison WI;10/31/2008;43,0730556;-89,4011111
10/10/2009 12:42;tulsa;ok;us;unknown;6;6 seconds;In&#39t see nothing in the park;12/12/2009;36,1538889;-95,9925
10/10/2009 16:24;eagar;az;us;unknown;180;2-3 minutes;Second sighting was only 150 feet away.  Observations between two sightings.;12/12/2011;34,1111111;-109,2908333
10/10/2009 19:30;suffolk;va;us;unknown;900;15 minutes;It looked sort of lime green.  It appeared to have an odd texture.  It had a dimples on its surface.  It was not smooth at all.  It jus;12/12/2009;36,7280556;-76,5838889
10/10/2009 20:30;anaheim;ca;us;light;300;5 mins;UFO over Disneyland.;12/12/2009;33,8352778;-117,9136111
10/10/2009 20:45;wilmington;nc;us;light;600;10minutes;Two lights seen with a lighting of something strobe like near the ground.;12/12/2009;34,2255556;-77,945
10/10/2009 23:23;cupertino;ca;us;light;180;3 minutes;Bright red light object made random moves horizontally and floated for a while and then went up vertically.;12/12/2009;37,3230556;-122,0311111
10/10/2010 01:00;orchard park;ny;us;light;7200;a few hours;Xmas colored rotating lights.  ((NUFORC Note:  Twinkling stars??  PD));1/5/2011;42,7675;-78,7441667
10/10/2010 02:30;harrisburg;pa;us;circle;240;4  minutes;possible UFO sighting;11/21/2010;40,2736111;-76,8847222
10/10/2010 03:00;euclid;oh;us;circle;180;3 minutes;2 objects blinking red and white&#44 disappeared into the sky&#44 after hovering around sky for 3 minutes.( over lake erie;11/21/2010;41,5930556;-81,5269444
10/10/2010 12:00;greenwich;ct;us;light;240;4 mins;"&quot;Star&quot; like objects during clear day light in formation.";11/21/2010;41,0263889;-73,6288889
10/10/2010 13:00;north charleston;sc;us;light;180;3 minutes;Object(s) visible 3 times at same place in the sky at during day in Chas&#44 SC;7/4/2012;32,8544444;-79,975
10/10/2010 17:10;bridgeport;ct;us;light;600;five to ten minutes;Saw a light in the sky fading in and out over Bridgeport&#44 CT.;11/21/2010;41,1669444;-73,2052778
10/10/2010 18:30;clackamas;or;us;triangle;120;1-2minutes;triangular ufo sighting in oregon 10-10-10;11/21/2010;45,4077778;-122,5691667
10/10/2010 20:20;windsor;ct;us;fireball;5;5 seconds;Bus sized fireball object over 91 about 3-400 ft up going about 150 mph at a downward 20 degree angle.;5/2/2014;41,8525;-72,6441667
10/10/2010 21:30;albany;ny;us;circle;10;10 seconds;Circle of light SUNY Albany.;8/30/2013;42,6525;-73,7566667
10/10/2011 00:00;troy;ny;us;triangle;7200;2 hours;"Red&#44 green &amp; orange blinking triangle formation.  ((NUFORC Note:  Probable sighting of a twinkling star&#44 possibly Sirius.  PD))";10/10/2011;42,7283333;-73,6922222
10/10/2011 01:00;farmington;nm;us;circle;300;5 minutes;Single reddish circle  in the sky that wasn&#39t jet nor satelitte;8/30/2013;36,7280556;-108,2180556
10/10/2011 10:30;ashville;ny;us;circle;60;1 minute;Amber object in night sky during full moon&#44 or the day before full moon;10/19/2011;42,0963889;-79,3758333
10/10/2011 19:00;mechanicsville;va;us;light;300;5 minutes;Three orange lights flying in unison;10/19/2011;37,6086111;-77,3736111
10/10/2011 20:00;middletown;ct;us;fireball;1200;15-20 minutes;Fireball Spinning Orange UFO;10/19/2011;41,5622222;-72,6511111
10/10/2011 21:00;lakewood;oh;us;fireball;60;1 minute;Orange light flies overhead and turns black as it passed silently.;12/12/2011;41,4819444;-81,7983333
10/10/2011 21:00;york;pa;us;circle;15;15 seconds;BRIGHT LIT ORB SPEEDS ACROSS S.CENTRAL PA. SKY&#44 MAKING NO SOUND&#44 THEN DISAPPEARS;10/19/2011;39,9625;-76,7280556
10/10/2011 21:55;north platte;ne;us;circle;3;3 seconds;Object over North Platte Nebraska;12/12/2011;41,1238889;-100,765
10/10/2011 23:00;waynesville;oh;us;triangle;90;1:30;Flying triangle by Waynesville&#44 Ohio;10/19/2011;39,5297222;-84,0866667
10/10/2012 10:15;bridgeport;ct;us;circle;630;10:30;A Bright light that is a UFO;10/30/2012;41,1669444;-73,2052778
10/10/2012 19:40;syracuse;ny;us;light;900;15 minutes;Went to move my car to the other side of the road in the city of syracuse.  saw low flying lights moving east towards dowtown.;10/30/2012;43,0480556;-76,1477778
10/10/2012 19:45;syracuse;ny;us;circle;240;4 minutes;Bright orange circles going thru the sky in the same direction. Some were closer to each other.;10/30/2012;43,0480556;-76,1477778
10/10/2012 20:00;colorado springs;co;us;light;20;15 to 20 seconds;Bright zig zagging light in the sky above norad.;10/30/2012;38,8338889;-104,8208333
10/10/2012 20:30;las cruces;nm;us;fireball;120;1-2 minutes;4 fireballs in sky side by side;10/30/2012;32,3122222;-106,7777778
10/10/2012 20:30;marion;il;us;light;240;2 to 4 minutes;I was leaving my friend&#39s house to go home.  My friend and her 3 1/2 year old daughter walked me to her front door when she noticed all;10/30/2012;37,7305556;-88,9330556
10/10/2012 20:48;yakima;wa;us;light;240;4 minutes;Noticed light in the N.E. section of the sky about 30 deg. up that did not move. About the size of Venus.  ((NUFORC Note:  Capella?  PD;10/30/2012;46,6022222;-120,5047222
10/10/2012 21:00;rochester;wa;us;light;600;10 minutes;Fleet of red UFO&#39s emerging from Mt. Rainier.;11/19/2012;46,8219444;-123,095
10/10/2013 04:00;sandusky;oh;us;triangle;0;right now;Triangle shaped various different color lights moving really fast in various directions.  ((NUFORC Note:  Star??  PD));10/14/2013;41,4488889;-82,7080556
10/10/2013 17:00;st. louis county;mo;us;light;10800;2-3 hours;Hovering bright object moving slowly around St. Louis.;10/23/2013;38,6272222;-90,1977778
10/10/2013 19:00;rittman;oh;us;light;60;1 minute;Fast moving white light.;10/14/2013;40,9780556;-81,7822222
10/10/2013 19:20;essex junction;vt;us;light;120;2 minutes;Noiseless&#44 low flying&#44 white&#44 bright constant light.;10/14/2013;44,4905556;-73,1113889
10/10/2013 19:20;kenner;la;us;circle;600;10 minutes;2 circle lights moving erratically over Kenner&#44 La.;10/14/2013;29,9938889;-90,2416667
10/10/2013 20:00;drexel;oh;us;circle;300;5 minutes;Yellow/orange&#44 sphere/circle that flew across night sky &#44slow speeds then simply vanished &#44 had no blinking lights&#44 was not an airplane;10/14/2013;39,7463889;-84,2866667
10/10/2013 20:00;hudson;nh;us;light;5;5 seconds;White&#44 orb above the clouds moving very fast&#44 no flashing lights&#44 zoomed across the sky and disappeared out of sight.;10/14/2013;42,7647222;-71,4402778
10/10/2013 20:30;grand blanc;mi;us;light;1200;20 minutes;3 bright lights holding a vertical position over central Michigan&#44 USA.;10/14/2013;42,9275;-83,63
10/10/2013 20:30;savage;mn;us;circle;60;1 minute;I saw a sphere shaped object flying east to west moving faster than any conventional aircraft was white to orange in color as it reache;10/14/2013;44,7791667;-93,3361111
10/10/2013 20:35;canton;mi;us;triangle;180;3 minutes;Black triangle aircraft with white lights on each point&#44 completely silent&#44 seen flying low SW to NE.;10/14/2013;42,3086111;-83,4822222
10/10/2013 21:17;lost creek;wv;us;triangle;45;45 seconds;Small triangle with 3 lights floating low over a field then slowly flying away.;10/14/2013;39,1611111;-80,3522222
10/10/2013 21:30;hudson;nh;us;light;1;1 second;Very white bright light moving fast inside clouds.;10/14/2013;42,7647222;-71,4402778
10/11/1978 23:00;brighton;mi;us;circle;300;5 miniutes;round revolving lights reflecting on the fog;10/28/2002;42,5294444;-83,7802778
10/11/1987 21:30;minnetonka;mn;us;light;30;30 seconds;White light moves west to east&#44 suddenly stops&#44 then moves south at a high rate of speed.;10/14/2013;44,9133333;-93,5030556
10/11/1987 23:59;otto;mo;us;fireball;60;60 seconds;bright blue ball of light.;8/19/2000;38,3708333;-90,5002778
10/11/1994 02:00;jackson;nj;us;triangle;300;5mins;triangle UFO in jackson NJ  Countyline 526   over the old fire station next to the trailer park;1/29/2002;39,7763889;-74,8627778
10/11/1996 22:00;damascus;va;us;light;60;60 sec.;1996 SIGHTING IN DAMASCUS&#44 VA. WHILE CAMPING IN THE CHEROKEE NATIONAL FOREST.;9/24/2003;36,6336111;-81,7838889
10/11/1998 14:30;mount carmel;tn;us;light;10;10 seconds;Bright shiny object splits in two and disappears above horizon.;11/1/1998;36,5452778;-82,6611111
10/11/1998 22:45;elk grove;ca;us;fireball;4;4 seconds;Greenish blue fireball streaking across horizon;11/1/1998;38,4088889;-121,3705556
10/11/1999 00:15;montgomery;al;us;light;180;3 minutes;Bright light coming from back yard and a surreal sensation of forboding.;3/21/2003;32,3666667;-86,3
10/11/1999 04:30;los angeles;ca;us;light;300;5min;It was a large bright light sitting stationary in the sky. Within our atmosphere. Not a star. It did not move or change shape and was t;10/19/1999;34,0522222;-118,2427778
10/11/1999 09:10;canby;or;us;light;10;10 seconds;i saw bright light come out of clouds&#44 2 aircraft came from behind and appeared to shot at the light&#44 light went back into the clouds;10/19/1999;45,2630556;-122,6913889
10/11/1999 21:10;ashland;or;us;triangle;45;30-45 sec.;I was looking into the sky towards the high east watching what appeared to be a passenger jet cross the sky when my periphial vision ca;10/19/1999;42,1947222;-122,7083333
10/11/1999 21:30;augusta;ks;us;light;600;10 mins;Object was at 45 degrees above southern horizon. Being stationary for 5 mins. and then executed some right angle maneuvers. Focal dista;11/9/1999;37,6866667;-96,9763889
10/11/1999 21:30;montgomery;tx;us;light;3600;1hrs;Pinpoint of light travelled from east to west breifly then hovered for about an hour then disappeared.;10/19/1999;30,3880556;-95,6961111
10/11/1999 21:45;eureka springs;ar;us;light;900;15 min.;Bright light due south&#44 traveling east extremely slowly. Bright flash given off from object every 10 seconds&#44 with a dim flash every 3;11/2/1999;36,4011111;-93,7377778
10/11/2000 20:00;watertown;ny;us;light;30;30 seconds;Was looking at the near full moon with binoculars when a very bright round light appeared to the left of the moon. at arms lenght it wa;12/2/2000;43,9747222;-75,9111111
10/11/2000 22:00;elverta;ca;us;light;30;hours;White starlike lights in sky that blink red and blue and move erratically over Sacramento region.;12/2/2000;38,7138889;-121,4616667
10/11/2000 23:30;whittier;ca;us;light;1500;20-25 mins;UFO ENCOUNTER LESS THAN 300 FEET;12/12/2011;33,9791667;-118,0319444
10/11/2001 01:00;somerset;wi;us;light;10800;3 hours+;My brother and I went outside to have a smoke and then noticed a moving&#44 multicolored light in the sky....;11/20/2001;45,1244444;-92,6733333
10/11/2001 05:15;denver;co;us;light;900;15 minutes;Odd Lights in Colorado Sky;10/12/2001;39,7391667;-104,9841667
10/11/2001 20:35;grass valley;ca;us;triangle;60;1 minute;Three bright white lights in a row&#44 in the sky.;10/12/2001;39,2191667;-121,06
10/11/2002 06:17;springfield;mo;us;fireball;6;6 seconds;bright green triangular object throwing sparks traveling extremely fast;10/15/2002;37,2152778;-93,2980556
10/11/2002 20:36;dallas;tx;us;fireball;3;3 seconds;Meteor lights up the skies over Dallas&#44 crashes somehere to the south.;10/28/2002;32,7833333;-96,8
10/11/2003 00:20;austin;mn;us;circle;5;5 seconds;THE TWO WHITE ROUND OBJECTS FLEW SYNCHONIZED SIDE BY SIDE AND EVENTUALLY VEERED OFF MADE HALF A CIRCLE AND MERGED&#44 AND RE-ENTERED SPACE;10/15/2003;43,6666667;-92,9744444
10/11/2003 11:32;newaygo;mi;us;circle;40;30-40 sec;Two fuzzy disks chaseing each other.;11/26/2003;43,4197222;-85,8
10/11/2003 19:05;placerville;ca;us;light;600;ten minutes;Unverified pair of bold star lights diminishing in perfect unison.;10/31/2003;38,7297222;-120,7975
10/11/2003 20:00;frederick;co;us;unknown;10;10 seconds;Large flash outside the house rattling the windows with a low hum.;10/15/2003;40,0991667;-104,9366667
10/11/2004 01:00;honolulu;hi;us;triangle;3;2-3 seconds;3 trangular UFOs were spotted in a triangle formation for 3 seconds.;10/27/2004;21,3069444;-157,8583333
10/11/2004 03:40;dallas;or;us;light;20;20 seconds;Very intense light&#44 shone through covered windows&#44 absolutely no sound&#44 felt presence before observing.;10/27/2004;44,9194444;-123,3158333
10/11/2004 05:00;san jose;ca;us;light;15;12-15seconds;Light traveling at very high rate of speed across the morning sky.;10/27/2004;37,3394444;-121,8938889
10/11/2004 14:00;arroyo grande;ca;us;circle;60;1 minute;observed Angel Hair type UFO;12/14/2004;35,1186111;-120,5897222
10/11/2004 22:29;laredo;tx;us;fireball;1351;22:31;Large flaming tail and eratic movement - sudden change of direction;12/3/2004;27,5061111;-99,5072222
10/11/2004 23:15;williamsville;ny;us;light;540;9 minutes;Hovering light seen over Williamsville&#44 NY;10/27/2004;42,9638889;-78,7380556
10/11/2005 00:00;holiday;fl;us;light;180;ohrs;light dancing over holliday florda;10/20/2005;28,1875;-82,7397222
10/11/2005 03:00;eagan;mn;us;circle;7200;2 hours plus;((NUFORC Note:  Possible star.  PD))  Bright colorfull glowing ball.;10/11/2005;44,8041667;-93,1666667
10/11/2005 16:36;lake point;ut;us;light;720;about 12 mins;Lights near  Lake Point/Grantsville&#44 UT;10/20/2005;40,6808333;-112,2622222
10/11/2005 18:45;peoria;az;us;light;5400;90 minutes;Formation of amber lights over Tolleson&#44 AZ that flickered off and on for about 90 minutes.;10/20/2005;33,5805556;-112,2366667
10/11/2005 19:00;casa grande;az;us;light;1800;30 minutes;amber lights over I-10 near Casa Grande Az.;10/20/2005;32,8794444;-111,7566667
10/11/2005 19:30;tempe;az;us;triangle;3;~3 sec;3 light triangle stayed perfectly still and then shot off fter 3 seconds of stillness.;10/20/2005;33,4147222;-111,9086111
10/11/2005 19:45;mobile;al;us;light;1800;30 minutes?;((NUFORC Note:  Possible sighting of Mars.  PD))  Massive brilliant white light that just hung in the Southern sky.;10/20/2005;30,6941667;-88,0430556
10/11/2005 21:00;wall lake;ia;us;light;10;10 seconds;strange shit in the sky in sac county iowa.;10/20/2005;42,2711111;-95,0927778
10/11/2006 11:29;lynnwood;wa;us;unknown;120;a few minutes;I noticed a very white tail behind an object traveling north in the southern sky. It appeared to be very high and far away. The object;10/30/2006;47,8211111;-122,3138889
10/11/2006 19:00;monterey park;ca;us;fireball;120;1 -2 minutes;huge ball of fire hanging in the sky;12/7/2006;34,0625;-118,1219444
10/11/2006 19:30;two harbors;mn;us;light;600;10 minutes;Northern Lights ?? Right&#33;12/7/2006;47,0227778;-91,6705556
10/11/2006 21:00;milton;fl;us;light;900;15 minutes;THE LIGHTS KEPT FLASHING AND MOVING AT VERY HIGH SPEEDS SHOWING UP THEN WOULD BE GONE IN AN INSTANT THEN FLYING SIDE WAYS UNLIKE ANY PL;10/30/2006;30,6322222;-87,0397222
10/11/2006 21:32;la crescenta;ca;us;circle;3;3 seconds;White light imploded;10/30/2006;34,2241667;-118,2391667
10/11/2006 22:00;enid;ok;us;light;60;about 1 minute;Fast moving ball of light speeds across the sky.;10/30/2006;36,3955556;-97,8780556
10/11/2006 23:00;pampa;tx;us;triangle;60;1 minute;Two triangular objects&#44 lit up by three main lights and other lights in between&#44 moving simotaniously to the East over Pampa Tx.;10/30/2006;35,5361111;-100,9594444
10/11/2007 16:00;clackamas;or;us;circle;900;15 minutes;Silver circular or sphere-like object flying parallel to I-205 in the Gladstone/Clackamas area.;11/28/2007;45,4077778;-122,5691667
10/11/2007 19:50;seattle;wa;us;triangle;10;10 seconds;I saw two orange colored lights&#44 close together but moving independently across the sky&#44 at high rate of speed. Then they disappeared.;11/28/2007;47,6063889;-122,3308333
10/11/2007 20:15;tega cay;sc;us;light;1800;30 minutes;Bright white light and then 2 blinking red lights in Western Sky;11/28/2007;35,0241667;-81,0280556
10/11/2008 02:35;monrovia;ca;us;unknown;0;;Above my home a large/huge dark unshaped figuer&#44 blending in as a star passing threw from east to west in 15min;10/31/2008;34,1480556;-117,9980556
10/11/2008 06:00;concord;ca;us;light;180;2-3 minutes;Very small lights&#44 very high. moved at great speed and cganged direction. Not aircraft.;10/31/2008;37,9780556;-122,03
10/11/2008 19:00;bridgeport;ct;us;circle;7200;2 hours;I saw 6 glowing orbs lining up in different formations witin a 2 hour period over Long Island Sound.;10/31/2008;41,1669444;-73,2052778
10/11/2008 19:00;riverside;ca;us;light;60;1 min approx;Bright light moving from NW to SE;10/31/2008;33,9533333;-117,3952778
10/11/2008 19:30;naples;fl;us;triangle;30;30 seconds;A dark flying V.;10/31/2008;26,1416667;-81,795
10/11/2008 20:30;centerville;tx;us;light;900;15 minutes;MYSTERIOUS LIGHTS IN THE TEXAS SKY.;3/19/2009;31,2577778;-95,9780556
10/11/2008 22:20;albuquerque;nm;us;fireball;120;2 minutes;Vehicle out of southern sky thought to be shooting star hovers over city.;10/31/2008;35,0844444;-106,6505556
10/11/2008 22:30;los angeles;ca;us;triangle;30;30 seconds;Large Triangle sighted over L.A;10/31/2008;34,0522222;-118,2427778
10/11/2009 04:00;crisfield;md;us;light;600;5 to 10 min;A bright light moving across the sky getting closer stopped on a dime got brighter and took off with no sounds at all;12/12/2009;37,9833333;-75,8541667
10/11/2009 09:45;plymouth;mi;us;triangle;20;20 seconds;I was standing on a sidewalk near salem high school where i saw a triangular shaped craft slowly gliding right over my head. my mom jus;6/27/2011;42,3713889;-83,4702778
10/11/2009 19:00;north smithfield;ri;us;circle;15;10 to 15 seconds;I was watching the sky like I always do on a clear night because you can always see what appear to be stars riding along the night sky.;12/12/2009;41,9666667;-71,55
10/11/2009 21:55;madison;wi;us;light;180;3 minutes;Amber orange light moving very slowly&#44 dimming out&#44 shooting away.;12/12/2009;43,0730556;-89,4011111
10/11/2010 19:40;cottage grove;mn;us;light;240;3-4 minutes;Craft with two white lights in Minneapolis Approach Pattern that moved down and not forward then disappered behind the tree line.;11/21/2010;44,8277778;-92,9436111
10/11/2010 20:50;glendora;ca;us;circle;60;1 min;I was north on a mountain facing south with my friend. We were star gazing and I looked up in the sky at about a 45 degree angle and sa;11/21/2010;34,1361111;-117,8644444
10/11/2010 20:53;ramona;ca;us;triangle;5;3-5 seconds;We believed this object to be an airplane on fire;11/21/2010;33,0416667;-116,8672222
10/11/2011 15:00;cedar city;ut;us;light;8;8 seconds;Bright&#44 white&#44 star-like UFO over Cedar City at 1500 on sunny day.;10/19/2011;37,6775;-113,0611111
10/11/2011 19:40;des moines;ia;us;light;90;90 seconds;An unexplained&#44 unidentified flying object.;12/12/2011;41,6005556;-93,6088889
10/11/2011 19:42;new bedford;ma;us;circle;1800;30-minutes;At least 25 orange and red fireballs fly over New Bedford&#44 MA&#44 USA;12/12/2011;41,6361111;-70,9347222
10/11/2011 21:10;holden beach;nc;us;circle;30;30 seconds;6 orange balls of light over the Atlantic ocean.;10/19/2011;33,9133333;-78,3041667
10/11/2011 23:23;harrodsburg;ky;us;unknown;480;8 min;Unknown lights.;5/29/2012;37,7622222;-84,8433333
10/11/2012 01:00;worcester;ma;us;unknown;4;4 seconds;Big extremely bright white light hovering in sky;10/30/2012;42,2625;-71,8027778
10/11/2012 04:00;tewksbury;ma;us;light;2;2 seconds;Huge white streaking object moving high rate of speeds in night sky;10/30/2012;42,6105556;-71,2347222
10/11/2012 14:06;yakima;wa;us;unknown;0;10;Far off object moving east to west in north yakima county between the yakima training center and the yakima river rec area.;10/30/2012;46,6022222;-120,5047222
10/11/2012 19:30;arbutus;md;us;light;300;5 minutes;Moving star and strange man;10/30/2012;39,2544444;-76,7002778
10/11/2012 19:30;forty fort;pa;us;fireball;720;12 minutes;Slow moving bright light;10/30/2012;41,2788889;-75,8786111
10/11/2012 19:45;saratoga springs;ny;us;circle;300;5 minutes;Brightly lit object&#44 twice the size of a planet&#44  traversed the night sky&#44 dimmed&#44 and disappeared from view.((NUFORC Note:  ISS? PD));10/30/2012;43,0830556;-73,785
10/11/2012 20:30;las cruces;nm;us;fireball;120;1-2 minutes;4 fireballs side by side;10/30/2012;32,3122222;-106,7777778
10/11/2012 20:42;ravensdale;wa;us;triangle;10;10 seconds;Driving on kent kangley road I observed a triangle arrangement of lights hovering about 100 feet off the ground.  The lights were multi;10/30/2012;47,3525;-121,9825
10/11/2012 22:15;blue island;il;us;circle;45;45 seconds;Red circular object surrounded by yellow glow flying w/no sound quickly coming out of east turning southbound;10/30/2012;41,6572222;-87,68
10/11/2012 24:00;truth or consequences;nm;us;unknown;0;;Fast moving red ball and then flashing light;10/30/2012;33,1283333;-107,2522222
10/11/2013 06:13;ankeny;ia;us;circle;120;2 minutes;Two slow moving star-like objects suddenly accelerated to light speed heading towards Jupiter;10/14/2013;41,7297222;-93,6055556
10/11/2013 09:05;palm beach gardens;fl;us;light;15;10-15 seconds;Five orange flying objects in the nights sky and no sound.;10/14/2013;26,8230556;-80,1388889
10/11/2013 16:35;kalamazoo;mi;us;fireball;600;~10 minutes;Massive caravan of a hundred red/orange fireballs moving from west to east at a steady rate in formation for at least ten minutes.;10/14/2013;42,2916667;-85,5872222
10/11/2013 19:00;lawrence;ks;us;unknown;240;2-4 minutes;Silent blue and white lights of craft object change color&#44 approach myself and boyfriend&#44 before changing into buzzing&#44 everyday plane;10/14/2013;38,9716667;-95,235
10/11/2013 19:00;rittman;oh;us;light;0;;7 streaks of light in the sky.  ((NUFORC Note:  Photo shows six contrails in the evening sky.  PD));10/14/2013;40,9780556;-81,7822222
10/11/2013 19:33;winterhaven;ca;us;light;0;;Saw up to 5 orbs in the sky at about 1900 hours. Went on for a while. 3 in the formation of a triangle and one quite a distance from th;10/14/2013;32,7394444;-114,6338889
10/11/2013 19:50;essex junction;vt;us;light;60;60 seconds;4 or 5 Orange Lights in Vermont Sky;10/14/2013;44,4905556;-73,1113889
10/11/2013 20:00;cincinnati;oh;us;circle;300;4-5 minutes;Glowing Orange Fireball/Lights Seen at Turpin HS Football Game.;2/21/2014;39,1619444;-84,4569444
10/11/2013 20:00;cincinnati;oh;us;fireball;240;4 minutes;Cincinnati fire ball in the sky?;10/14/2013;39,1619444;-84,4569444
10/11/2013 20:00;naples;fl;us;light;7200;few hours;Circle of Different color flashing light over gulf in naples;10/14/2013;26,1416667;-81,795
10/11/2013 20:00;saginaw;mi;us;unknown;0;;4 orange bright lights close together that  can speed up and slow down quickly&#44 our aircraft cannot.;10/23/2013;43,4194444;-83,9508333
10/11/2013 20:15;cincinnati;oh;us;fireball;60;1 minute;3 fireball type objects close to downtown Cincinnati.;10/14/2013;39,1619444;-84,4569444
10/11/2013 20:15;union;ky;us;fireball;300;5 minutes;amber fireball descending&#44splits into 3 objects&#44stops&#44they hover above ground with erratic movements;10/23/2013;38,9458333;-84,6805556
10/11/2013 20:20;hubbardston;ma;us;fireball;60;1 minute;4 orange orbs zig zgging across the sky.  Quick movements forward and aft and side to side.;10/14/2013;42,4736111;-72,0066667
10/11/2013 20:45;covington;ga;us;light;300;5 minutes;Saw a bunch of low-altitude lights drifting overhead.;10/14/2013;33,5966667;-83,8602778
10/11/2013 22:00;jupiter;fl;us;light;900;15 minutes;Groups of glowing orange objects moving randomly from east to west over Jupiter Inlet area at approximately 10:00 pm Oct 11&#44 2013.;10/14/2013;26,9338889;-80,0944444
10/11/2013 23:00;north canton;oh;us;fireball;10;10 seconds;Fireball over the Strip.;10/14/2013;40,8758333;-81,4025
10/11/2013 23:15;pinckney;mi;us;fireball;2;2 seconds;Large orange fireball observed over Hell&#44 Michigan&#44 traveling from due south to due north directly overhead.;10/14/2013;42,4566667;-83,9463889
10/1/1954 19:00;flatwoods;wv;us;circle;60;1 minute;I saw the craft go across the horizon.  It appeared to be on fire&#44 I first thought it was a plane going down.  It landed near a farm.;4/12/2013;38,7230556;-80,65
10/1/1957 16:00;nelchina (near);ak;us;unknown;180;3 minutes maximum;"This incident occurred about October of 1956 or &#8216;57. At the time&#44 I was Assistant station manager for a major airline in Anchorage as";12/7/2006;61,9919444;-146,7686111
10/1/1959 19:00;jacksonville;il;us;unknown;60;1 minute;Late 1959&#44 bright lights from a hovering object of unknown shape making a zed-zid zed-zid electrical sound.;4/16/2005;39,7338889;-90,2288889
10/1/1961 22:00;graham;nc;us;triangle;30;30 seconds;3 flat&#44 large  white lights in delta pattern&#44 no sound&#44 flying at tree-top level at 35-40 mph;5/14/2002;36,0688889;-79,4008333
10/1/1966 20:00;buffalo;ny;us;light;240;4 minutes;One of the bright stars moved north&#44 curved upward&#44 flew in a wide arc&#44 then accelerated up into the cosmos.;1/11/2002;42,8863889;-78,8786111
10/1/1966 22:00;anacortes;wa;us;light;1200;20 mins.;20 miles driving toward Anacortes&#44a friend and I were listening to a radio station in Anacortes. The DJ said he had recieved calls abou;4/15/2000;48,5127778;-122,6113889
10/1/1966 22:30;anamosa;ia;us;unknown;60;60 seconds;"large quiet  craft&#44 covered with blackness&#44 and &quot;stars&quot; to not be noticed&#44 moving slowly southwest to north north east.";9/17/2000;42,1083333;-91,285
10/1/1967 13:00;greenville;il;us;circle;30;30 seconds;My son and I went to a ballpark close by to play- we were the only ones there&#44 I happened to look up and right over us&#44 were 3 round uf;2/24/2007;38,8922222;-89,4130556
10/1/1968 20:00;kennebunkport;me;us;circle;600;5-10 minutes;While at the boathouse at St.Athonys one night we noticed what at first we thought was a bright star getting larger.It seemed to dart a;3/19/2002;43,3616667;-70,4772222
10/1/1972 01:00;potwin;ks;us;unknown;10800;2-3 hours;Iwas abducted around age 7 or 8. They came will I WAS Asleep. they look into my room from the hall. They took me to a room. I think the;5/24/1999;37,9388889;-97,0194444
10/1/1972 04:00;denton;tx;us;unknown;600;less than 10 minutes but;Slow moving object splits and one part sped away while the bigger part slowly moved in the opposite direction.;1/31/2011;33,2147222;-97,1327778
10/1/1972 24:00;sweet home;or;us;unknown;0;ufo;Ligthning coming out of a cloud hovering&#44 waves of clouds come out an going backin&#44 no sound look at that?;1/10/2009;44,3977778;-122,735
10/1/1973 20:00;bloomington;in;us;light;1200;20 minutes;"Three large bright white craft  interacting &amp; manuevering rapidly accross a quadrant of night sky.";7/3/2013;39,1652778;-86,5263889
10/1/1974 01:00;denton;tx;us;unknown;600;10 min;I was walking home from the Library at North Texas State University after the Library closed.  From a distance&#44 I saw a large red glowi;6/12/2008;33,2147222;-97,1327778
10/1/1974 20:00;deerwood;mn;us;unknown;2;2 seconds;Sighting 3  An incidence occurred in mid-October&#44 1974. I picked my son up from wrestling practice in the evening after school. We live;12/7/2006;46,4736111;-93,8986111
10/1/1974 21:00;chester;nj;us;light;600;10 minutes;Three bright star like objects moving across the night sky at the speed of light and stopping on a dime.;12/7/2006;40,7841667;-74,6972222
10/1/1979 21:00;buffalo;ny;us;light;10;5-10 sec;Two bright fast-moving star-like objects with one traveling in a zig-zag motion.;4/16/2005;42,8863889;-78,8786111
10/1/1979 23:00;cranbury;nj;us;light;240;4 minutes;8 UFOs in a circle suddenly take off radially away from each other.;10/23/2013;40,3161111;-74,5141667
10/1/1980 20:00;mountainboro;al;us;fireball;20;20 seconds;Ball of Fire that changed into a cone shape.;7/4/2012;34,1469444;-86,1305556
10/1/1982 22:10;swartz creek;mi;us;fireball;240;3 to 4 minutes;blazing sphere across the southern sky from 1982;3/21/2003;42,9572222;-83,8305556
10/1/1983 20:00;ayer;ma;us;unknown;20;20 seconds;Zero to top Speed Instantaneously;5/12/2009;42,5611111;-71,5902778
10/1/1984 01:00;waldport;or;us;light;600;10 minutes;Bright light of a  fast moving craft frightened me in the night on the Oregon Coast.;3/16/2001;44,4269444;-124,0675
10/1/1984 20:00;chatsworth;ca;us;light;45;45 seconds;Light approaches at high rate of speed and makes a ninety degree turn.;2/24/2007;34,2572222;-118,6002778
10/1/1984 21:00;acton;me;us;triangle;180;3 min.;Silent&#44 very large&#44 one white headlight&#44 red lights around edges;4/2/1999;43,5341667;-70,9102778
10/1/1985 00:00;brandon;fl;us;triangle;900;15 min;triangle SHIP 60 to 80 feet high&#44SPEED 3 TO 5 MPH&#44I SAW IT ALL&#44....................;2/24/2007;27,9375;-82,2861111
10/1/1985 05:30;holton;mi;us;light;240;3-4 minutes;Unknown light makes 90 degree turn and disappears.;5/11/2005;43,4133333;-86,0794444
10/1/1985 21:30;jefferson;oh;us;triangle;3600;1 hour;Three lights&#44possibly single or part of object hovered over treeline changing color&#44and shape.;12/2/2000;41,7386111;-80,77
10/1/1986 01:00;klamath falls;or;us;circle;2700;45 minutes;"BRIGHT OBJECT DROPPING &quot;FIRECRACKERS&quot; FROM IT - IT SEEMED TO KNOW I COULD SEE IT - VANISHED IN A TYPE OF EXPLOSION";4/27/2004;42,225;-121,7805556
10/1/1986 22:00;wheeling;wv;us;light;10;10 seconds;Missing time after seeing something that looked like the Northern lights.;1/11/2002;40,0638889;-80,7211111
10/1/1987 21:00;alstead;nh;us;fireball;1800;30 mins.;sitting   in  a  car in a open  field&#44 keeping in mind this is in a  town where  we are in  the hills.  the  field during  the day has;1/19/2005;43,1488889;-72,3611111
10/1/1987 23:00;louisburg;nc;us;triangle;180;3 minutes;Large black triangular object with lights on each side and at the points making no discernible noise.;8/5/2001;36,0988889;-78,3013889
10/1/1989 20:00;jacksonville;il;us;circle;300;five minutes;Three gold circle UFOs fly in formation&#44 warp drive away and disappear.;11/21/2010;39,7338889;-90,2288889
10/1/1990 20:00;san pedro;ca;us;light;120;2min;a small light in the sky&#44 making the shape of a equiangular triangle then shooting away at a high rate of speed.;1/19/2005;33,7358333;-118,2913889
10/1/1990 22:15;jamestown;ny;us;light;1200;20 minutes;A row of porthole shaped lights hovering at an altitude of approx. 500 feet spanning a distance of about 1 mile.;4/27/2007;42,0969444;-79,2355556
10/1/1991 17:00;wilmington;ca;us;circle;900;15 minutes;Patterned disks over southern california sky.;2/14/2008;33,78;-118,2616667
10/1/1991 18:30;little rock;ar;us;triangle;300;5 minutes;Triangular arrangements of lights appearing to begin to land on freeway&#44 miltary-ish cars mobilze around it;8/5/2012;34,7463889;-92,2894444
10/1/1992 17:30;dublin (near warner robins);ga;us;triangle;1200;20 minutes;While driving home from out-of-town&#44 I watched a dot in the sky that later hoovered over my car.;11/20/2002;32,5402778;-82,9038889
10/1/1992 19:00;longview;tx;us;unknown;20;00:20;I observed one nite several objects flying in a kind of oval formation and change to a vee formation. There wasn&#39t any sound.;11/9/1999;32,5005556;-94,7402778
10/1/1993 02:00;tempe;az;us;triangle;900;15 minutes;My friend and I saw a triangle made of smaller triangles fly over us at a low altitude.;1/28/1999;33,4147222;-111,9086111
10/1/1993 20:00;delaware;oh;us;light;7200;2 hours;Lights in localized semi-rural area&#44 beams emitted&#44 possible sound&#44 possible contact&#44 video tape;2/14/2008;40,2986111;-83,0680556
10/1/1993 20:00;pryor;mt;us;light;1800;20-30 minutes;Floating Light&#44 Like a Spotlight;11/3/2005;45,4297222;-108,5325
10/1/1994 11:30;pawnee;ok;us;triangle;1200;20 min;It was triangle shape with white lights at each corner of it and a large red one in the middle.;4/26/1999;36,3377778;-96,8036111
10/1/1994 20:00;santa barbara;ca;us;triangle;3;3 seconds;Black triangle;10/12/2001;34,4208333;-119,6972222
10/1/1994 23:00;las vegas;nv;us;circle;5;5 seconds;Bright green object in flight allmost colided with my aircraft.;10/15/2002;36,175;-115,1363889
10/1/1995 22:00;wantagh;ny;us;triangle;60;1 minute;Triangle with three large&#44 dim&#44 amber lights flew rapidly overhead and rotated once.;10/31/2008;40,6836111;-73,5105556
10/1/1995 23:00;dover;nh;us;triangle;600;10 minutes;six light triangle in dover;9/24/2003;43,1977778;-70,8741667
10/1/1996 05:30;bainbridge;oh;us;triangle;180;3 minutes;Low-flying triangular object;10/11/2005;39,2275;-83,2705556
10/1/1996 22:30;the woodlands;tx;us;fireball;180;2-3 minutes;2 orange fireballs moving across sky ~ crazy acrobatics;12/12/2011;30,1577778;-95,4891667
10/1/1997 00:00;bemidji;mn;us;triangle;600;10 minutes;In october 1997 my dad and I seen 3 lights in the shape of a triangle tumbling over each other in Bemidji Minnesota.;12/3/2004;47,4736111;-94,88
10/1/1997 19:00;green bay;wi;us;light;1200;15-20 minutes;Three red lights;4/14/2009;44,5191667;-88,0197222
10/1/1997 19:00;pelzer;sc;us;triangle;180;3 minutes;Large&#44 black&#44 triangular&#44 object flew low and silent over South Carolina state prison yard.;1/10/2009;34,6422222;-82,4561111
10/1/1997 21:00;hyannis;ma;us;triangle;60;1 minute;WIFE AND I DROVE ONTO START OF OUR STREET&#44 NOTICED TWO LIGHTS NOT USUALLY THERE.  STOPPED CAR&#44 GOT OUT&#44 SAW TWO CRAFTS.  NO NOISE AND H;6/23/1999;41,6527778;-70,2833333
10/1/1997 21:30;bourbonnais;il;us;triangle;60;-1 min;I was traveling home from visiting my dad in Carle Hospital on 113 heading towards Custer Park&#44 IL. It was dark out I was in farm count;1/19/2005;41,1416667;-87,875
10/1/1997 21:30;oakland;or;us;light;60;1 minute;High altitude light turned&#44 dropped several Thousand feet&#44 turned and disappeared&#33;11/19/1998;43,4222222;-123,2972222
10/1/1997 22:00;summerville;sc;us;triangle;1200;20 min;Triangular shape with lights in a V&#44 no sound&#44 very slow moving.;10/30/2006;33,0183333;-80,1758333
10/1/1997 23:15;lakeland;fl;us;light;60;1 minute;3 oval shaped reddish-orange lights flew over my house&#44 heading directly south. The lights formed a perfect triangle&#44 but flying severe;1/28/1999;28,0391667;-81,95
10/1/1998 00:00;logan;ut;us;triangle;120;a few minutes;We saw 5 triangular objects moving at high altitude to the south&#44 circling each other like small birds.;7/5/1999;41,7355556;-111,8336111
10/1/1998 00:10;portland;or;us;light;5;5 sec;GETTING OUT OF MY CAR TO WORK&#44I SAW A WIDE GREEN STREAK OF LIGHT IN THE SOUTHWEST SKY&#44FROM SKY TO GROUND...........;11/1/1998;45,5236111;-122,675
10/1/1998 01:30;st. paul;or;us;fireball;5;5 seconds;We own a farm here in St. Paul. We (my mother and I) had pulled off to the side of the road to check on some farm equipment we had in a;11/1/1998;45,2113889;-122,9755556
10/1/1998 04:30;rio rancho;nm;us;fireball;120;2 min.;Sighted during the major meteor shower last year.;4/2/1999;35,2333333;-106,6638889
10/1/1998 05:30;bayfield;co;us;light;1800;30 minutes;Large light object in sky with lightning storm and huge beam of light from below in  southern Colorado;1/3/2001;37,2255556;-107,5975
10/1/1998 16:00;del mar;ca;us;fireball;4;4 seconds;Fireball streaked across the sky and fizzled out 5 miles inland;4/2/1999;32,9594444;-117,2644444
10/1/1998 18:50;la jolla (over);ca;us;fireball;7;six to seven seconds;At dusk&#44 an orange&#44white&#44pink&#44and voilet color fireball traveled totally horizontal west to east&#44not as fast as a shooting star&#44and the;11/19/1998;32,8472222;-117,2733333
10/1/1998 21:00;clarinda;ia;us;triangle;60;60 seconds;silent and large UFO just above tree tops.;8/5/2009;40,7419444;-95,0380556
10/1/1998 21:15;ipava;il;us;triangle;900;15 min;An object which resmbled car headlights in the sky was spotted to SW.  A discernable craft flew directly overhead and proceeded to disa;11/1/1998;40,3513889;-90,3244444
10/1/1998 22:30;moundsville;wv;us;triangle;0;continous;5 large objects observed&#44 4 of them flying in a rectangular motion. Perfect 90 degree banks at incredible speed&#33&#33&#33;8/5/2001;39,9202778;-80,7433333
10/1/1999 00:30;san antonio;tx;us;fireball;30;30 seconds;Observed amber bright light decending for apx. 20 seconds.;10/19/1999;29,4238889;-98,4933333
10/1/1999 01:00;oak brook;il;us;light;60;i minute;a green-blue light comes out and down out of a cloud&#44 and goes back into the cloud;5/14/2002;41,8327778;-87,9288889
10/1/1999 04:00;portland;or;us;light;25;15-25 seconds;looking west the object appeared approx near the top of our atmosphere. It was huge&#33 It at first just seemed to appear out of thin air.;11/2/1999;45,5236111;-122,675
10/1/1999 04:40;elyria;oh;us;triangle;300;5or more minutes;The front was shaped like a triangle&#44 with two lights on the wing tips. Blueish-gray in color...Low rumbling sound&#44 Moving very slow. ;10/2/1999;41,3683333;-82,1077778
10/1/1999 17:00;new york city (manhattan);ny;us;unknown;5;5 seconds;I witnessed a being in the middle of the day in Manhattan about six and a half feet&#44 its face definately not human?;2/18/2001;40,7141667;-74,0063889
10/1/1999 19:00;las vegas;nv;us;light;15;app. 15 seconds;A moving object which possibly changed speed and direction in an unorthodox manner;10/2/1999;36,175;-115,1363889
10/1/1999 20:00;miami;fl;us;unknown;25;25 sec.;Red and Green light in the sky.;10/19/1999;25,7738889;-80,1938889
10/1/2000 14:00;madera;ca;us;light;120;2 minutes;A bright oval shaped light flying faster than anything I had ever seen before.;8/30/2013;36,9613889;-120,0597222
10/1/2000 20:00;belmont;ca;us;unknown;15;15 seconds;Faint starlike object  moving in space at high speed stopped and lined up with other 3 faint stars.;12/2/2000;37,5202778;-122,2747222
10/1/2000 20:00;prineville;or;us;unknown;3600;1 hour;bright white light the size of a distant star that made eratic movements&#44 and complete stops;12/20/2000;44,3;-120,8333333
10/1/2000 20:00;wheaton;md;us;triangle;300;5 minutes;UFO sighted in Wheaton&#44 MD;10/30/2006;39,0397222;-77,0555556
10/1/2000 20:45;albuquerque;nm;us;triangle;0;ongoing;TRIANGLE VERY LARGE THREE LIGHTS AT POINTS SHADOW BUT EVER FEW SECONDS YOU COULD SEE A FLASH FROM POINT TO POINT FACING TO THE NORTHEAT;12/2/2000;35,0844444;-106,6505556
10/1/2000 21:30;colorado springs;co;us;light;300;3 to 5 minutes;saw 4 lights going in what i thought was a clover formation;12/2/2000;38,8338889;-104,8208333
10/1/2000 21:30;maryville;mo;us;light;30;about-30sec;white disappearing lights;12/2/2000;40,3461111;-94,8722222
10/1/2000 22:00;jackson;tn;us;triangle;120;appox. 2 mins;Three glowing spheres under dark triangular shape&#44 no sound;11/20/2001;35,6144444;-88,8138889
10/1/2001 19:00;kansas city;mo;us;light;900;15 minutes;3 bright lights at high altitude west of Kansas City at 2100 hours on 10/1/01 in a general westward movement.;10/12/2001;39,0997222;-94,5783333
10/1/2001 20:30;houghton lake;mi;us;triangle;300;5 minutes;Spotted Triangular object while exiting highway&#44 almost crashed into cop&#44 was not even pulled over.;11/8/2003;44,3147222;-84,7647222
10/1/2001 22:00;lynden;wa;us;light;30;30 seconds;Outline: 1) Clear dark night.2) directly above me 3) appeared to be an orbitting satellite but was bluish and smaller than most.;7/1/2002;48,9466667;-122,4508333
10/1/2001 22:30;new york city (staten island);ny;us;triangle;0;411 liberty ave;This sighting took place shortly after 9/11 which leads me to believe that the craft was curious and was conducting an investigation.;9/17/2003;40,7141667;-74,0063889
10/1/2002 00:30;courtland;va;us;circle;1;sec.;Look I can&#39t recall the date exactly&#44  but it was in that area of time especially the hour of night.  It could be in a range of two wee;12/23/2002;36,7161111;-77,0683333
10/1/2002 05:30;port townsend;wa;us;fireball;10;8-10 seconds;Giant Blue-Green fireball falls from the sky at 0530 in washington state;10/15/2002;48,1172222;-122,7591667
10/1/2002 05:30;sumner;wa;us;circle;330;05:30;While traveling north on hwy 167. A green light traveling from the west&#44 and heading east flew across the sky. The round light appearin;10/15/2002;47,2033333;-122,2391667
10/1/2002 05:35;pueblo;co;us;triangle;15;10-15seconds;Silent large flying v of 5 orange glowing patches gives fright.;10/15/2002;38,2544444;-104,6086111
10/1/2002 05:35;seattle;wa;us;unknown;1;a second?;On the morning of 10/01/02 I was driving to work on HI5 in Seattle Wa. and I was south bound by the old Rainier Brewery and saw a brigh;10/15/2002;47,6063889;-122,3308333
10/1/2002 05:45;kent;wa;us;unknown;10;10 seconds;STREK OF LIGHT ACROSS THE SKY;10/15/2002;47,3811111;-122,2336111
10/1/2002 05:45;lynnwood;wa;us;fireball;5;5 seconds;Large fireball sighting;10/15/2002;47,8211111;-122,3138889
10/1/2002 05:45;rainier;wa;us;light;240;3-4 min;I was taking my Boyfriend to work in yelm and as we entered onto koeppen rd and traveling north towards yelm We noticed to our left abo;10/15/2002;46,8883333;-122,6872222
10/1/2002 06:30;monroe;wi;us;light;1200;15-20 min;Very intense orange-yellow light moves from south to north in early A.M. and late P.M.;7/16/2006;42,6011111;-89,6383333
10/1/2002 16:00;grants;nm;us;fireball;10;3 to 10 seconds;"In October 2002&#44 I was driving east on Interestate 40 (close to mile marker 100)&#44  when I saw a greenish &quot;comet-like&quot; shape movng very";4/22/2003;35,1472222;-107,8508333
10/1/2002 17:56;port hadlock;wa;us;fireball;5;5 seconds;big shooting star;10/15/2002;48,0319444;-122,7569444
10/1/2002 19:50;new york city (staten island);ny;us;light;900;15 min&#39s;Patrolling fighter jet followed by bright green light &#33;10/15/2002;40,7141667;-74,0063889
10/1/2002 22:00;edmonds;wa;us;unknown;60;a minute or so;three objects in perfect triangle fomation flying at extremely high altitudes;10/15/2002;47,8108333;-122,3761111
10/1/2002 22:30;riverton;ut;us;unknown;120;2 minutes;Red and blue flashing lights&#44 low to the ground&#44 behind my car on a deserted road in Riverton&#44 Utah.;8/7/2007;40,5219444;-111,9383333
10/1/2003 00:00;saco;me;us;circle;120;2 minutes;My wife and I watched a stationary bright white star much larger than a planet hover above the Ocean for about 2 minutes&#44 and then it d;10/7/2003;43,5008333;-70,4433333
10/1/2003 00:20;redmond;wa;us;light;2;2 seconds;Blue-White orb shoots across sky rapidly&#44 then disappears&#44 on an unusally clear&#44 calm night.;10/15/2003;47,6741667;-122,1202778
10/1/2003 16:00;hartland;mi;us;unknown;120;2 minutes;saucer positioned between line of sight and sun.;12/19/2003;42,6566667;-83,7530556
10/1/2003 18:00;kennesaw;ga;us;triangle;0;dusk til dawn;hovering lights;1/31/2004;34,0233333;-84,6155556
10/1/2003 20:05;san diego;ca;us;unknown;240;4 minutes;us and  the object;4/27/2007;32,7152778;-117,1563889
10/1/2003 21:00;bellevue;wa;us;light;10;8-10 seconds;Star seen in Seattle moves east then quickly fades away&#44 no meteor trail.;10/7/2003;47,6105556;-122,1994444
10/1/2003 22:00;granville;ma;us;circle;5;3-5 seconds;Clear light zig zags through night sky on clear evening;12/7/2006;42,0666667;-72,8619444
10/1/2003 23:00;circleville;oh;us;light;600;5-10 min.;Bright orange lights go on&#44 and off in Circlville&#44 OH.;1/17/2004;39,6005556;-82,9461111
10/1/2004 04:32;mt. morris;ny;us;circle;0;sunrise;moved from one point in sky to another instantly;10/27/2004;42,7255556;-77,8744444
10/1/2004 16:00;eureka;ca;us;unknown;720;10-12 minutes;Orange light cruises Humboldt Bay;2/1/2007;40,8022222;-124,1625
10/1/2004 20:27;richmond;va;us;triangle;300;5 minutes;Two triangular shaped craft with white and red lights going Northeast.;12/3/2004;37,5536111;-77,4605556
10/1/2004 20:50;tucson;az;us;unknown;1;less than 1 sec.;Tucson Mysterious Streaks of Light;10/27/2004;32,2216667;-110,9258333
10/1/2005 00:00;harrisburg;mo;us;light;2400;40 minutes;"The waves of lights seemed to materialize high in the sky and move in an &quot;ocean tidal manner&quot;  that is one wave after another&#44";12/12/2009;39,1269;-92,4399
10/1/2005 00:00;oak forest;il;us;circle;3600;1 hour;At approximitly 0:00 I spotted three red circular lights in the western skies over Oak Forest&#44 IL.  The three large red light seemed mo;10/11/2005;41,6027778;-87,7438889
10/1/2005 00:30;oak forest;il;us;light;3600;hour;I saw the three red lights in the sky over Oak Forest Illinois. They flashed like beacons. This happened around 12:30am;10/11/2005;41,6027778;-87,7438889
10/1/2005 00:53;tinley park;il;us;circle;1200;15-20 minutes;3 red lights over Tinley Park;10/11/2005;41,5733333;-87,7844444
10/1/2005 00:57;orland park;il;us;light;420;7 minutes;Red lights in sky over Orland Park&#44 Illinois;10/11/2005;41,6302778;-87,8538889
10/1/2005 00:57;orland park;il;us;light;6;:06;Red lights over Orland Park;10/11/2005;41,6302778;-87,8538889
10/1/2005 01:00;midlothian;il;us;light;1500;20-25minutes;Red lights&#44 southland Chicago;10/11/2005;41,6252778;-87,7175
10/1/2005 01:00;oak forest;il;us;light;600;five to ten minutes;That night after closing my garage door I glanced as I normally do towards the North Star..to my amazement just west of the North star;10/11/2005;41,6027778;-87,7438889
10/1/2005 01:00;tinley park;il;us;circle;600;10 mins;Three red blinking dots in the sky that hoovered unlike an airplane that I know of.;10/11/2005;41,5733333;-87,7844444
10/1/2005 01:00;tinley park;il;us;circle;600;10 minutes;3 red lights in Tinley Park sky;10/11/2005;41,5733333;-87,7844444
10/1/2005 01:00;tinley park;il;us;triangle;0;?;3 red lights in a triagular shape that held position for awhile&#44 then one light flew off very quickly;10/11/2005;41,5733333;-87,7844444
10/1/2005 01:00;tinley park;il;us;triangle;0;;3 red lights in Tinley Park;10/11/2005;41,5733333;-87,7844444
10/1/2005 01:00;tinley park;il;us;triangle;1800;30 min +;I saw 3 red flashing/blinking  lights in sky 1:00am 10-1-05 over Tinley Park IL;10/11/2005;41,5733333;-87,7844444
10/1/2005 01:00;tinley park;il;us;triangle;900;15 mins.;saw three red glowing lights in the sky above&#44 in Tinley park Il.;10/11/2005;41,5733333;-87,7844444
10/1/2005 01:03;oak forest;il;us;light;1200;20:00 minutes;red dots seen in sky formed triangle;10/11/2005;41,6027778;-87,7438889
10/1/2005 01:08;evergreen park;il;us;light;480;8 minutes;Two red lights sitting in the sky&#44 but I couldn&#39t not make out an object.;10/11/2005;41,7205556;-87,7016667
10/1/2005 01:10;alsip;il;us;light;480;8 minutes;RED LIGHTS SEEN IN ALSIP ILLINOIS;10/11/2005;41,6688889;-87,7386111
10/1/2005 01:10;crestwood;il;us;light;300;5 min;3 small lights formed a triangle then straight line&#44 took a digital picture&#44 zoomed in a saw 3 lights inside each individual;10/11/2005;41,6611111;-87,7525
10/1/2005 01:10;manhattan;il;us;triangle;10;10 seconds;Tinley Park Lights Are Back&#33&#33&#33;10/11/2005;41,4225;-87,9858333
10/1/2005 01:10;oak forest;il;us;light;1800;15-30min;3 red lights over chicagoland area;10/11/2005;41,6027778;-87,7438889
10/1/2005 01:10;oak forest;il;us;unknown;60;60 seconds;it lasted for about one minute;10/11/2005;41,6027778;-87,7438889
10/1/2005 01:10;tinley park;il;us;triangle;0;;sitting in my yard 1:10 am i saw three red lights above my house in a triangle form i shined a light on it when i noticed it came close;10/11/2005;41,5733333;-87,7844444
10/1/2005 03:00;posen;il;us;light;1200;10-20 minutes;3 Red lights in triangle formation moving slowly and silently;10/11/2005;41,6316667;-87,6813889
10/1/2005 06:30;greenup;ky;us;circle;30;30 seconds;This has happened more than once&#33 We saw a orange circle of light moving slowly through the sky&#44 shooting about two inches to the human;10/11/2005;38,5730556;-82,8302778
10/1/2005 08:22;homestead;fl;us;light;300;5mins;its the same spot where my brother said he saw sumtin up in tha sky a few years earlier....;10/11/2005;25,4683333;-80,4777778
10/1/2005 08:30;vanderbilt;mi;us;circle;0;;white light bright 60 - 75 mph it was about 30 min long;10/11/2005;45,1427778;-84,6602778
10/1/2005 19:58;rogers;mn;us;triangle;1020;17 minutes;Triangular UFO hovered with Stench;10/20/2005;45,1888889;-93,5527778
10/1/2005 20:05;liberty hill;tx;us;light;900;15 minutes;seven objects sighted with one apparantly landing;10/11/2005;30,6647222;-97,9222222
10/1/2005 20:30;napa;ca;us;unknown;1200;20 minutes;Dim Flapping Object in Napa Sky October 1st;10/11/2005;38,2972222;-122,2844444
10/1/2005 21:30;laurelville;oh;us;unknown;300;5 mins;Very slow moving object that made no sound.;1/10/2009;39,4733333;-82,7394444
10/1/2005 21:30;oklahoma city;ok;us;light;2700;45mins;I WAS LEAVING EL RENO&#44OKLAHOMA&#44APPROXIMATELY 40 MILES WEST OF OKC ABOUT 9PM. TRAVELING NORTH ON HWY 81 I NOTICED A VERY BRIGHT STAR-LIK;10/11/2005;35,4675;-97,5161111
10/1/2005 22:00;central lake;mi;us;unknown;1500;25 min;Lights over Traverse Bay 35min moving than fixed position;10/11/2005;45,07;-85,2644444
10/1/2005 23:00;tinley park;il;us;light;120;minutes;Seen over the Tinley Park&#44 IL. area. Three red lights hovering in the sky. Changed from red to green and back again.;10/11/2005;41,5733333;-87,7844444
10/1/2006 01:30;irving;tx;us;circle;2;seconds;As we was driving down Shady Grove heading west we saw a bright blue light steaking across the sky&#44 dipping in and out of the clouds be;10/30/2006;32,8138889;-96,9486111
10/1/2006 14:00;mt. pleasant;sc;us;circle;240;approximately 4 minutes;A ball of white light hovered in the afternoon sky&#44 vanishing and reappearing 3 times&#44 before finally vanishing for good.;10/30/2006;32,7938889;-79,8627778
10/1/2006 17:00;algona;ia;us;unknown;3600;over an hour;6 people saw 2 objects in the sky that had lights and were flying in zig-zag patterns in the sky while staying in the same area.;10/30/2006;43,07;-94,2327778
10/1/2006 19:45;las vegas;nv;us;fireball;600;10 minutes;Three Fireballs in the Las Vegas sky flying in formation then becoming one fireball. ((NUFORC Note:  Possible advertising lights?  PD));12/12/2011;36,175;-115,1363889
10/1/2006 20:18;fall city;wa;us;fireball;2;2 seconds;yellow/orange fireball leaving debris trail;10/30/2006;47,5675;-121,8875
10/1/2006 20:19;orchards;wa;us;fireball;1;1 second;"Sun 10/01/2006 8:19 pm PST Metiorite descending slowly and decellerating. Left a trail of green and yellow sparks. At N80&#176;E from Orchar";10/30/2006;45,6666667;-122,5597222
10/1/2006 20:24;pullman;wa;us;circle;1;less than 1 second;Bright blue explosion followed by blue shooting object over Pullman&#44 WA;10/30/2006;46,7313889;-117,1786111
10/1/2006 21:00;orchard park;ny;us;unknown;37800;approx. 1 1/2 hours;Spotted again as before........;10/30/2006;42,7675;-78,7441667
10/1/2006 21:00;seattle;wa;us;light;20;20 seconds;A VERY bright and transluscent light that seemed to glow more than create a shape hovered above Lake Washington (so it seemed) in the W;10/30/2006;47,6063889;-122,3308333
10/1/2006 22:00;santa fe;nm;us;fireball;20;20 seconds;Several bright lights headed slowly towards horizon;10/30/2006;35,6869444;-105,9372222
10/1/2006 22:18;winslow;az;us;fireball;15;15 seconds;dividing fireball multi-colored;10/30/2006;35,0241667;-110,6966667
10/1/2006 23:00;silver city;nm;us;light;180;3 minutes;UFO over Silver City&#44 New Mexico at very low altitude.;10/30/2006;32,77;-108,2797222
10/1/2006 23:15;canon city;co;us;light;240;1 1/4 minutes;"Large bright light with aura&#44 &quot;fireworks&quot; features&#44 then several distinct white lights";10/30/2006;38,4;-105,2166667
10/1/2006 23:15;denver;co;us;circle;30;30 sec;Large bright white light with evenly spaced smaller lights in trail east of Denver moving northeast&#44 as seen by airline pilot at FL380;10/30/2006;39,7391667;-104,9841667
10/1/2006 23:15;fairplay;co;us;unknown;30;30 seconds;Six orange lights observed in the sky by three people&#44 moving at constant speed and altitude from south to north.;10/30/2006;39,2247222;-106,0013889
10/1/2006 23:15;hartsel;co;us;fireball;60;1 minute;Several glowing objects gracefully and silently following each other moving south to north in eastern sky 500 to 1000ft  high;10/30/2006;39,0216667;-105,7952778
10/1/2006 23:15;mccoy;co;us;light;75;1.25 minutes;Four silent lights flew over our home.;10/30/2006;39,9161111;-106,725
10/1/2006 23:15;santa fe;nm;us;light;45;30-45 seconds;about 23:15   sunday&#44 10/1/06--a slow-moving horizontal strip of white light that shown into my room and then truned blue and moved off;10/30/2006;35,6869444;-105,9372222
10/1/2006 23:17;cascade;co;us;circle;15;15 seconds;I was standing on my deck facing east when I saw orange objects fly from north to south. They appeared to maybe be comets but I cannot;10/30/2006;38,8966667;-104,9716667
10/1/2006 23:20;cripple creek;co;us;fireball;15;15 + seconds;Fireball object in Western Sky;10/30/2006;38,7466667;-105,1777778
10/1/2006 23:20;silverthorne;co;us;light;10;10 seconds;I saw about six lights coming toward our house in a straight line&#44 and one at a time from the furthest away&#44 they went out.;10/30/2006;39,6375;-106,0613889
10/1/2006 23:30;pueblo west;co;us;light;300;5 minutes;4-5 bright whitish-orange lights in Pueblo West&#44 Colorado on 10/1/06 at 11:30 p.m.;12/7/2006;38,35;-104,7222222
10/1/2006 23:32;farmington;nm;us;light;14;10 -14 sec;a bright lights traveling very fast with a green tail that exploded into four lights&#33;10/30/2006;36,7280556;-108,2180556
10/1/2006 23:40;san antonio;nm;us;circle;20;20 seconds;ON SUNDAY 10 01 06 MY WIFE AND I WERE DRIVING HOME FROM WHITE RUIDOSO NEW MEXICO. APPROXIMATLEY AT 11:20 PM I NOTICED OFF TO MY LEFT BO;10/30/2006;33,9177778;-106,8652778
10/1/2007 04:00;gadsden;al;us;unknown;0;still happening;The bright white light from last night made a return appearance tonight.  ((NUFORC Note:  Star??  PD));10/8/2007;34,0141667;-86,0066667
10/1/2007 09:50;charlotte;nc;us;light;1200;20min;4 DOTS OF LIGHT AROUND MOON  MID MORNING TODAY;10/8/2007;35,2269444;-80,8433333
10/1/2007 19:00;beulaville;nc;us;triangle;5;5 sec;Green Glowing Triangular Craft;10/31/2008;34,9236111;-77,7741667
10/1/2007 19:30;youngstown;fl;us;unknown;0;;Object shows its self and its power over territory;10/8/2007;30,3641667;-85,4383333
10/1/2007 20:00;ewa beach;hi;us;light;600;10 minutes;Lights flickering in the sky.;10/8/2007;21,3155556;-158,0072222
10/1/2007 20:00;tryon;nc;us;light;10;10 seconds;Strange lights in NC sky.;10/8/2007;35,2080556;-82,2386111
10/1/2007 21:00;ballinger;tx;us;unknown;300;5 minutes;Loud Roar&#44 Bright Orange Lights;10/8/2007;31,7380556;-99,9469444
10/1/2007 21:00;sanford;fl;us;triangle;120;2mins;Black Triangle shaped craft with 3lights on the bottom. (fast&#44smooth flying craft);10/8/2007;28,8002778;-81,2733333
10/1/2008 00:00;conway;ar;us;triangle;600;10 minutes;Massive/low/silent black triangle cruises back and forth over downtown Conway;5/15/2013;35,0886111;-92,4419444
10/1/2008 06:20;lynchburg;va;us;light;30;30 seconds;I was walking my dog this morning when I saw a very bright orange light approaching from the south.;10/31/2008;37,4136111;-79,1425
10/1/2008 08:00;hope mills;nc;us;fireball;0;10;Round fireball in the sky sitting still appeared and disappeared 3 or 4 times. Large in size.;1/10/2009;34,9702778;-78,9455556
10/1/2008 09:00;lanagan;mo;us;light;900;15 minutes;I reported this same object last week &#44so far three times i have seen this blinking object which moves horizontially and does tight cir;10/31/2008;36,6080556;-94,4475
10/1/2008 19:00;warwick;ri;us;circle;600;ten minutes;Myself and two of my friends were driving down the road to pick up my girlfriend when my friend in the passenger seat noticed two unide;1/5/2011;41,7;-71,4166667
10/1/2008 20:00;cabazon;ca;us;light;1200;20 min;hi&#44 last night on oct 1&#44 2008 i saw 2 star sized objects that went extremely fast in the night sky in so.calif.(cabazon) at about 8:00p;10/31/2008;33,9175;-116,7863889
10/1/2008 20:00;glenrock;wy;us;unknown;1200;several hours;Stationary object just above NE horizon with flashing red&#44 green and white lights.;10/31/2008;42,8613889;-105,8716667
10/1/2008 20:00;marysville;wa;us;circle;1800;aprox 30 minutes;2 unidentified objects above highway 2 in marysville washington;10/31/2008;48,0519444;-122,1758333
10/1/2008 20:00;wilson;nc;us;circle;600;10 minutes;Star shaped light blinking and rotating - then two of same lights after cloud went over and began to move;10/31/2008;35,7211111;-77,9158333
10/1/2008 20:03;idaho falls;id;us;light;15;15 seconds;Stationary lights in the path of the ISS;10/31/2008;43,4666667;-112,0333333
10/1/2008 20:45;leavenworth;wa;us;light;120;2 min;Big Light in the West Sky over Leavenworth Washington;10/31/2008;47,5963889;-120,6602778
10/1/2008 20:45;renton;wa;us;light;600;10 mins;lights seen at night;10/31/2008;47,4830556;-122,2158333
10/1/2008 21:00;wellington;al;us;light;120;minutes;a light over the mountain;10/31/2008;33,8225;-85,8927778
10/1/2008 21:30;lacey;wa;us;unknown;4;3 to 4 sec;Like a hot ember emitting sparks while leaving a long trail like a shooting star.;10/31/2008;47,0344444;-122,8219444
10/1/2008 22:00;garrett;in;us;triangle;4;.5 hour;Triangular shape with an array of lights and unusual amount of silent aircraft in the sky.;10/31/2008;41,3494444;-85,1355556
10/1/2008 22:55;kingsport;tn;us;triangle;3;3 seconds;East Tennessee&#44 3 orb mass in the sky;10/31/2008;36,5483333;-82,5619444
10/1/2009 09:00;canton;mi;us;triangle;3600;1 hour;Triangular shaped UFO with lights at corners hovering at cloud height over home;12/12/2009;42,3086111;-83,4822222
10/1/2009 15:38;whitefield;ok;us;light;2;seconds;Looked like a light that appeared to be moving upwards.;12/12/2009;35,2525;-95,2372222
10/1/2009 20:30;beaver;oh;us;light;10800;3 hrs;a white light moving in a circle.;12/12/2009;39,0305556;-82,8244444
10/1/2009 22:30;belmont;ms;us;triangle;120;2mins;Triangular object with 3 lights&#44 one in middle blinking.;12/12/2009;34,5097222;-88,2091667
10/1/2009 23:00;belleview;fl;us;circle;600;10 mins;Flashing Blue Orb over southern Marion county FL.;12/12/2009;29,055;-82,0625
10/1/2009 23:00;fairfield;ct;us;light;20;20 seconds;2 seperate observations. Fairfield&#44 CT;12/12/2009;41,1411111;-73,2641667
10/1/2010 06:25;aripeka;fl;us;light;8;8 sec;White light (star) traveling very fast in sky.;11/21/2010;28,4319444;-82,6644444
10/1/2010 07:00;chico;ca;us;unknown;0;daily;different shaped craft seen nightly from my front porch>more than 1  ((NUFORC Note:  Twinkling stars&#44 we suspect.  PD));1/5/2011;39,7286111;-121,8363889
10/1/2010 09:30;spotsylvania;va;us;circle;1800;30 minutes;blue&#44 red&#44 green&#44 and bright white light hovering over field near Thornburg Va food lion.;4/3/2011;38,2008333;-77,5894444
10/1/2010 10:05;seattle;wa;us;unknown;0;ongoing;Voices that sound human but not human and being that are not human and humans that are NOT Human;9/24/2012;47,6063889;-122,3308333
